,kanagawa_dotc_bj
0,塚越文也
1,椋尾ゆう子
2,山根大輔
3,杉本朗
4,籾山善臣
5,狩野直哉
6,松尾雄司
7,山口毅大
8,妻鹿琢生
9,川添啓明
10,川邉賢一郎
11,海老名毅
12,櫻井良一
13,竹中啓介
14,水口かれん
15,若井公志
16,石井誠
17,黒江卓郎
18,神前吾郎
19,久貝仁
20,大森望
21,三川真由美
22,花田弘介
23,大崎徹
24,中田剛史
25,桐生励
26,小林理英
27,西雄一郎
28,遠藤秀幸
29,林伸彦
30,柳下明生
31,藤澤玲央
32,小西誠
33,大川雄矢
34,大橋賢也
35,添田樹一
36,平賀大樹
37,岩﨑崇
38,野村俊介
39,中山善太郎
40,秋葉俊孝
41,石山晃成
42,町川智康
43,毛塚衛
44,小川佳子
45,神足嘉穂
46,冨田創一
47,種村求
48,坂本結
49,吉岡津
50,栗田道匡
51,我妻耕平
52,小松賢介
53,小野航平
54,北神英典
55,松浦薫
56,稲村育雄
57,西井伸顕
58,和田陽介
59,松尾祐美子
60,木下正信
61,長谷川洋一
62,村上裕一
63,福井俊介
64,岩田恭子
65,坪井廣行
66,葛山直行
67,滝沢章
68,鈴木兼一郎
69,細貝嘉満
70,林宏子
71,佐藤武晴
72,高木小太郎
73,松浦光明
74,岡崎真大
75,西村誠
76,松本麻里
77,金川昌平
78,森山憲太郎
79,飯島俊
80,齋藤菜摘
81,嶋村哲
82,長田誠
83,木ノ切隆行
84,米積直樹
85,中瀬奈都子
86,山本大地
87,原藤達也
88,原田裕也
89,眞木康州
90,太田啓子
91,島武広
92,宮崎英征
93,永井未希
94,近藤俊之
95,山本真司
96,中山隆弘
97,梅川久仁
98,菅野秀幸
99,細貝惟大
100,森洋介
101,白鳥佑記
102,高岡輝征
103,廣瀬和之
104,増井史彰
105,平井佑治
106,後藤愛
107,永田亮
108,榊研司
109,山本新一郎
110,戸谷彰吾
111,植原健一
112,藤原大輔
113,味間明徳
114,清水俊
115,井上和也
116,細江智洋
117,橋本信行
118,山下芳織
119,渡辺康年
120,平川麻紀
121,菊地哲也
122,佐々木博征
123,毛呂将一
124,赤沼洋
125,楠瀬健太
126,佐藤剛
127,川島邦文
128,岡村貴之
129,松永大希
130,西村紀子
131,水野博之
132,畑中優宏
133,石井琢磨
134,多湖翔
135,押谷祐基
136,柴田直哉
137,笠間圭一郎
138,小林芳郎
139,仲井浩嗣
140,小谷馨
141,安藤愛子
142,井田翔太
143,福田翔
144,鈴川祐基
145,佐藤美由紀
146,阿部泰典
147,鈴木真
148,岩井知大
149,西村隆雄
150,松岡義久
151,根岸小百合
152,栗田有介
153,吉村浩太
154,豊田進士
155,植月沙知
156,棚村隆行
157,白澤章子
158,庄司宗弘
159,米山安則
160,二見宏史
161,川口彩子
162,山田良平
163,田村啓明
164,奥園龍太郎
165,馬奈木幹
166,石坂想
167,黒田清彰
168,小宮夏樹
169,山崎夏彦
170,西大良
171,山本勝哉
172,高橋賢司
173,鈴木軌士
174,青野壽和
175,久保豊
176,青山良治
177,星野文紀
178,山本友也
179,菅野善夫
180,村上淳平
181,岩永和大
182,菅原崇
183,高瀬芳明
184,川岸卓哉
185,奥山寿
186,野澤哲也
187,髙橋俊太
188,大田和磨
189,松原雄輝
190,伴広樹
191,関戸淳平
192,稲葉翔
193,木村悠
194,伊藤諭
195,佐藤和也
196,折本和司
197,中野智仁
198,北村亮典
199,星原正明
200,前島憲司
201,井上数規
202,石畑晶彦
203,中野憲司
204,雫田直輝
205,徳田暁
206,糸井淳一
207,笠間哲史
208,神原元
209,向川純平
210,海江田誠
211,小池拓也
212,市野裕明
213,内田和利
214,仲戸川優樹
215,湯山薫
216,小池翼
217,鈴木渉
218,山田英男
219,山際康太郎
220,粟谷布由実
221,田中治
222,森崎正行
223,海野千宏
224,林裕介
225,松田道佐
226,原田雅紀
227,勝本広太
228,関口英紀
229,角井駿輔
230,田沢剛
231,村上昌弘
232,穂積匡史
233,柿元淳
234,山森良一
235,佐藤栄晃
236,太田香清
237,氏家悠
238,伊藤暢章
239,石橋輝之
240,権田理司
241,小川文子
242,長谷山尚城
243,布施正樹
244,下田和宏
245,出光恭介
246,古屋儒
247,片山里美
248,松原範之
249,川野義典
250,高宮隆吉
251,小林賢一
252,松岡宏祐
253,中川広夢
254,根本高宗
255,村澤良
256,仲野浩章
257,野口勇
258,高藤杏花
259,黒田巌
260,外村亮介
261,田中清
262,木村俊春
263,小豆澤史絵
264,青木敦子
265,齋藤佐知子
266,青木一愛
267,浦西洋行
268,山本悟
269,石井真奈美
270,黒木勉
271,佐藤直
272,岩井勝弘
273,田口裕樹
274,國方実
275,村井淳也
276,名取孝浩
