,saitama_dotc_bj
0,吉田公紀
1,中村信行
2,花谷克也
3,門倉洋平
4,中山達人
5,近藤姫美
6,柳川昌也
7,福田匡剛
8,河内智子
9,上原伸幸
10,峯岸孝浩
11,近藤里沙
12,木村智博
13,村上充洋
14,小松利之
15,宮武篤司
16,田辺晶夫
17,那賀島八起
18,廣部俊介
19,井上光昭
20,鈴木元
21,鈴木智也
22,嶋田麻里
23,木村恒平
24,齋藤宏樹
25,武藤洋善
26,申景秀
27,猪野匡史
28,早坂英雄
29,齊藤統
30,中谷誼
31,日下部眞史
32,渡邉仁
33,邊見雄一郎
34,茂呂敏宏
35,柴野和善
36,中野大
37,稲野正明
38,大塚理瑛
39,鶴羽良弘
40,新井崇司
41,加藤賢治
42,生井澤葵
43,中田充彦
44,沖田翼
45,若狹美道
46,中澤伸浩
47,栁澤有里
48,工藤啓介
49,上月裕紀
50,佐藤有紗
51,伊東結子
52,上床栄次朗
53,桑原勇太
54,荻野和宏
55,富田亮
56,久世暁美
57,石見信明
58,小林誠
59,高橋千恵
60,中村弘毅
61,谷川聡
62,田原直樹
63,中山純子
64,井原淳
65,水戸貴之
66,横山聡
67,東谷良子
68,加藤英典
69,渡辺俊和
70,仁藤仁士
71,山本美雪
72,大野峻
73,福島渚
74,佐々木翔
75,樺澤裕之
76,木村献
77,籔之内寛
78,新井哲三郎
79,神尾尊礼
80,鈴木秀二
81,大塚信之介
82,田畑麗菜
83,内田徹
84,野付さくら
85,増田悠作
86,佐藤智宏
87,佐藤慶祐
88,山田義隆
89,角谷史織
90,中村達也
91,三輪貴幸
92,長谷川圭
93,上田裕
94,飯塚隆史
95,大倉浩
96,丸山博久
97,野口英明
98,若井剛弥
99,水谷亜弓
100,金井明
101,池上謙
102,泉田仁
103,中村大祐
104,松本伸一
105,本間雄一朗
106,秋山誠
107,岡田正樹
108,西本昌弘
109,長宏一
110,斎藤雄大
111,荒生祐樹
112,松本侑樹
113,金子直樹
114,与川勇馬
115,大澤一司
116,冨澤幸弘
117,江原智
118,加村啓二
119,石塚洋一
120,千葉拓馬
121,松村譲
122,若生直樹
123,野崎正
124,波多野孝彦
125,保坂光彦
126,清水秀朗
127,阿部哲男
128,飯島努
129,小木出
130,尾崎達
131,岡田晃知
132,石川智士
133,時田剛志
134,榎本誉
135,佐藤哲平
136,有馬明仁
137,眞中忠治
138,羽賀裕之
139,山口翔一
140,大熊三奈子
141,冨永大右
142,藤川新
143,佐藤寛太
144,稲垣賢一
145,山本達夫
146,尾崎康
147,河野邦広
148,中原征吾
149,山崎玄
150,石井多恵
151,辻本恵太
152,吉田竜二
153,豊泉裕隆
154,高野哲好
155,新井兄三郎
156,平本沙乙里
157,野田泰彦
158,高宮大輔
159,森田茂夫
160,仲里建良
161,村本拓哉
162,坂巻佑馬
163,田村裕輝
164,本山健
165,小野塚直毅
166,釣賀朋子
167,室伏剛
168,高橋陽介
169,堀口泰之
170,岡本卓大
171,浦沢香里
172,樋口崇
173,岡本聡治
174,小沢剛司
175,横田直哉
176,宗像英明
177,佐藤千秋
178,相川一ゑ
179,染井大介
180,野本夏生
181,山下紘司
182,大塚洋文
183,西川英樹
184,森山健次
185,金田恒平
186,宇田川高史
187,清水貴行
188,吉岡毅
189,小林祐太郎
190,金英功
191,石田道哉
192,林真由美
193,重成大毅
194,河原崎友太
195,笠原徳之
196,鈴木隆志
197,石田晴久
198,横川賢一
199,田中智美
200,徳島智樹
