,tokyo_dotc_bj
0,岡本麻美
1,加藤洋平
2,與那嶺真澄
3,田村優介
4,高本健太
5,金帝憲
6,田崎博実
7,有坂秀樹
8,加藤聡一郎
9,山口政貴
10,知花卓哉
11,後藤裕太
12,服部弘幸
13,池田香織
14,枝廣恭子
15,藤川祐士
16,天野仁
17,渡邊慎一
18,藤本真由美
19,草道倫武
20,島弘毅
21,湯浅大樹
22,楓真紀子
23,佐藤香代
24,佐々木勝洋
25,水戸悠貴
26,中里妃沙子
27,野口眞寿
28,柳井健夫
29,野澤裕昭
30,大熊裕司
31,齊藤悠紀子
32,水野順一
33,芳賀慎太郎
34,鳥村純
35,森田梨沙
36,田中健太郎
37,本村亮
38,牧内靖成
39,野田伸也
40,佐々木龍太
41,青木良輔
42,砂子昌利
43,成瀬直邦
44,樫谷典男
45,大西純
46,古川穣史
47,木村稔雅
48,吉本雄一
49,村木孝太郎
50,鈴木祥平
51,笹岡優隆
52,音羽宏昭
53,大窪亮平
54,足立高志
55,会田岳央
56,岡部健一
57,鈴木聡
58,荒木誠司
59,山田雄太
60,平塚有祐
61,田口泰規
62,阿部成孝
63,大鳥貴史
64,中村満
65,中嶋重造
66,岩島のり子
67,高橋信行
68,宮澤美和
69,渡邉祐介
70,桝屋美那子
71,木村哲司
72,川上和也
73,清水祐太郎
74,小松玲子
75,森立
76,杉田英史
77,浅野英之
78,松村知幸
79,佐田理恵
80,小島淳
81,佐藤嘉寅
82,安川愼二
83,白井城治
84,片野田志朗
85,岩崎亜紀
86,中島圭太
87,小関利幸
88,鈴木翔太
89,宗本龍一
90,馬場乃里子
91,井川憲太郎
92,吉成安友
93,石川郁亮
94,島田敬介
95,穂谷昇
96,佐々木一夫
97,田中翔吾
98,平岡広輔
99,氏家義博
100,大西祐生
101,鮎川一信
102,桑畑徹
103,木下順介
104,岡本裕明
105,横山聡
106,吉田理人
107,渡邉祐亮
108,海宝三敬
109,伊東有理子
110,山田健一
111,平岡将人
112,鈴木一
113,伊井和彦
114,清水陽平
115,山極光也
116,岡崎仁美
117,柴田勇一
118,高石哲
119,稲葉治久
120,杉山和也
121,寺井友浩
122,岡田友佑
123,橘田歩
124,三浦祐介
125,天田圭介
126,大川直
127,好川久治
128,吉村実
129,青野晋也
130,佐藤誠一
131,小幡歩
132,吉田榮士
133,清水廣人
134,橋本賀央
135,長山るみ
136,榎木純一
137,石川雄三
138,福田慎也
139,吉川由里
140,青山知史
141,盛岡和久
142,松本啓
143,白井晶子
144,清水卓
145,立山大就
146,余郷浩
147,黒嵜隆
148,山崎新
149,佐藤祐介
150,新有道
151,千葉恒久
152,伊藤義人
153,川原蓮
154,堀岡雄一
155,加藤慎之
156,秦英準
157,岡本珠亀子
158,佐伯圭佑
159,小出康夫
160,富澤伸江
161,佐久間明彦
162,山川典孝
163,隈本源太郎
164,大達一賢
165,鈴木淳也
166,米川耕一
167,岩田裕介
168,上條辰徳
169,八木伸泰
170,柳亜紀
171,白井由里
172,前田貴彦
173,小林聖詞
174,國井友和
175,渋谷寛
176,稲田遼太
177,山田圭太
178,鋤柄和弘
179,工藤隆
180,山室裕幸
181,野上恭史
182,若林翔
183,金湖恒一郎
184,谷口真理
185,郡司理
186,赤瀬康明
187,古関俊祐
188,秋山直人
189,稲森暁子
190,南裕史
191,徳永祐一
192,坂井陽一
193,原田和幸
194,吉松倫
195,松本理平
196,佐藤光子
197,中川卓
198,服部咲
199,鈴木悠太
200,堀井準
201,金﨑浩之
202,小泉英之
203,大久保陽加
204,根本智人
205,角学
206,宇佐見淳
207,金岡紗矢香
208,片岡麻衣
209,北條さやか
210,芥川彰子
211,吉口直希
212,松島新之介
213,川端啓之
214,増島泰
215,角有利
216,松畑靖朗
217,寺垣俊介
218,菅原胞治
219,近藤俊輔
220,竹中朗
221,今村恵
222,中山和人
223,早津花代
224,若井亮
225,阿部栄一郎
226,近藤弘
227,梁瀬洋
228,伊藤慶太
229,薦田知浩
230,濵門俊也
231,大橋良二
232,中川翔伍
233,西田純平
234,安田剛
235,寺田弘晃
236,浅野剛
237,鳥居孝充
238,奥田敦
239,上田真司
240,林理純
241,伊倉吉宣
242,村田望
243,永井崇志
244,小泉始
245,島崎絢子
246,竹内義則
247,小師健志
248,神山優一
249,遠山志行
250,飯塚予始子
251,奥野剛史
252,大塚一暁
253,内山知子
254,竹森現紗
255,笹浪靖史
256,遠藤浩一
257,佐々木周平
258,永田洋子
259,今村幸正
260,越川祐介
261,小松雅彦
262,南枝里
263,野島梨恵
264,伊藤克之
265,藍原義章
266,延時潤一
267,鹿野舞
268,勝浦敦嗣
269,柴崎悠介
270,金ヶ崎絵美
271,西岳郎
272,川崎裕恭
273,村上詩織
274,藤原周作
275,竹中翔
276,豊村聖子
277,本田麻奈弥
278,笠原祥乃
279,藤澤整
280,澤田奈穗
281,吉田圭二
282,吉原隆平
283,中村広志
284,加藤伸英
285,中川浩秀
286,川崎公司
287,木下貴博
288,市橋耕太
289,堀口梨恵
290,木谷倫之
291,早瀬智洋
292,梅山隆弘
293,中嶋翼
294,鈴木章浩
295,三上貴規
296,中谷寛也
297,松岡達輝
298,長谷見峻一
299,長尾詩子
300,花岡征士郎
301,瀧澤輝
302,高橋建嗣
303,小澤宏樹
304,重隆憲
305,大本康志
306,安達由幸
307,西明優貴
308,和田史郎
309,澤井康生
310,清水信寿
311,中島徹也
312,児玉明謙
313,金子桂輔
314,松宮英人
315,池本一広
316,伊達竜太
317,松木隆佳
318,相原英典
319,木村昌則
320,飛鳥井雅崇
321,小寺悠介
322,大橋史典
323,佐藤省吾
324,中村寅國
325,桝井信吾
326,北川英佑
327,永井博也
328,眞喜志康史
329,和田嵩
330,藤森一樹
331,來住崇右
332,佐久間一樹
333,前田悠介
334,成眞海
335,高島宏彰
336,佐川未央
337,張谷俊一郎
338,佐々木裕康
339,髙田英治
340,柳沢拓実
341,吉直達法
342,阿部有生也
343,藤本大和
344,小野智彦
345,中田雅久
346,千屋全由
347,吉田朋
348,小林芽未
349,村山圭一郎
350,佐藤塁
351,石丸樹久
352,森川弘太郎
353,田畑智砂
354,宮崎まどか
355,小松峻也
356,成澤広慈
357,今浦啓
358,杉本憲昭
359,大井達朗
360,関原秀行
361,市川巧
362,吉川拓威
363,佐々木さくら
364,村永俊暁
365,杜多洋隆
366,守屋栄橘
367,首藤哲伺
368,金田正敏
369,東城輝夫
370,古賀麻里子
371,黒澤有紀子
372,本間悟
373,田中美和子
374,大西敦
375,大野康博
376,小渕浩
377,福川祐樹
378,清水裕二
379,岩本拓也
380,高橋済
381,古賀礼子
382,小野航介
383,奥野泰久
384,齋藤健博
385,黒澤真志
386,上條義昭
387,水上卓
388,岩本真璃恵
389,生駒真菜
390,中田圭一
391,三輪記子
392,清水恒明
393,今井隆一
394,関根翔
395,中村傑
396,井上裕貴
397,名畑淳
398,今田覚
399,亀田治男
400,米重浩史
401,山﨑健介
402,岡本理香
403,藤井愛彦
404,森川文人
405,紺野礼央
406,宮地理子
407,清水純子
408,五十部紀英
409,米村哲生
410,山下俊之
411,高下謹壱
412,増田拓真
413,川端克俊
414,山田晃義
415,草木良文
416,松本知朗
417,田中裕之
418,西村孝史
419,吉水裕貴
420,石田志寿
421,西岡治紀
422,高橋洋徳
423,小沢一仁
424,池田毅
425,田代純一
426,日向一仁
427,漆原孝明
428,小杉俊介
429,石原晋介
430,工藤満生
431,秀島晶博
432,吉岡達弥
433,澤田繁夫
434,結城祐
435,森脇慎也
436,狩集英昭
437,石川一成
438,武田健太郎
439,関真悟
440,大門あゆみ
441,渡部孝至
442,福島正洋
443,馬屋原潔
444,高田翔太
445,三島慶太郎
446,青木貴則
447,湯原和比古
448,長谷雄伸作
449,佐々木洪平
450,岩井翼
451,尾田隆行
452,北本大志
453,酒井広志
454,吉原正晃
455,後藤栄一
456,長嶺悠介
457,向山文俊
458,堀内岳
459,加藤茂樹
460,中筋賢治
461,周藤智
462,服部啓一郎
463,薗田佳弘
464,若狭勝
465,山田博貴
466,高島秀行
467,藤井博文
468,金川征司
469,澤田真哉
470,小野貴朗
471,山崎創生
472,清水健午
473,丸山裕司
474,大島洋次
475,本井克樹
476,石渡敏暁
477,金沢裕幸
478,岩垣敬道
479,渡邊寛
480,平秀一
481,野口辰太郎
482,関口勇太
483,高井信也
484,原崇之
485,松谷美和
486,福岡祐樹
487,山中聡将
488,小西徹
489,羽賀千栄子
490,古里貴大
491,伊藤祐介
492,大槻直
493,中村遊
494,福島敏晃
495,山内亘
496,山田滋
497,村田宏禎
498,廣石和也
499,鵜飼大
500,中村新
501,松尾裕介
502,知念よしの
503,多田幸生
504,武藏元
505,本木賢太郎
506,鈴木謙太郎
507,鐘築優
508,酒井将
509,甲斐伸明
510,土屋義隆
511,鎌田智
512,小野淳史
513,橋本浩史
514,杉本隼与
515,増田崇
516,池田誠
517,柿原幹子
518,後藤正志
519,濱悠吾
520,須見健矢
521,谷井秀夫
522,中島賢悟
523,井上悠太
524,山崎研
525,渡邊泰範
526,小湊敬祐
527,井堀哲
528,上野一成
529,石濱貴文
530,嶋崎満久
531,森川洋平
532,馬場龍行
533,石井一禎
534,高木啓成
535,中口永久
536,成田翼
537,鈴木敦士
538,中谷健二
539,大窪和久
540,三森敏明
541,岡田修一
542,東畑義弘
543,松村武
544,島昭宏
545,中澤哲也
546,保田志穂
547,宮之原陽一
548,山田公之
549,冨本和男
550,堤禎
551,深井剛志
552,伊伏康典
553,松村茉里
554,加治一毅
555,中島俊輔
556,谷靖介
557,湯本良明
558,伊藤紘一
559,山本高興
560,高橋幸一
561,二宮暁子
562,井上義之
563,山下高生
564,前田泰志
565,小瀬弘典
566,笹泰子
567,三好康之
568,北河隆之
569,箕輪正美
570,安井之人
571,竹内省吾
572,岡篤志
573,橋本優
574,土肥衆
575,実野現
576,荒井義一
577,上田裕介
578,谷貝知紀
579,大野薫
580,中野友貴
581,上野達夫
582,堀塲庸
583,田中智隆
584,菊地鈴華
585,藤川久昭
586,村上誠
587,川面武
588,小川和聖
589,岩崎陽
590,菅野光明
591,浅香慎介
592,鈴木優吾
593,丸尾はるな
594,デラワリマリ
595,津田玄児
596,中山尚之
597,大月将幸
598,寺島哲
599,小島梓
600,高橋祐介
601,加藤丈晴
602,出口裕規
603,田村勇人
604,関範子
605,横井良
606,高澤慶輔
607,木原輝貴
608,柏本英生
609,安則亮介
610,遠山泰夫
611,菅谷幸彦
612,竹鼻友朗
613,米澤章吾
614,高野諒平
615,坂東利国
616,小森貴之
617,高橋紗織
618,島田さくら
619,綱藤明
620,岩本康一郎
621,磯田直道
622,大塚和樹
623,加藤貴士
624,大澤美穂子
625,関善輝
626,廣瀬真利子
627,永山怜志
628,木村康之
629,鈴木啓史
630,能登豊和
631,皆川克正
632,加畑貴義
633,大箸郁夫
634,猪久保博成
635,坂尾陽
636,宮澤勇作
637,土居伸一郎
638,本多貞雅
639,中川種晴瑠
640,酒井圭
641,星野宏明
642,須藤泰宏
643,大久保朝猛
644,藤元達弥
645,今泉義竜
646,雪丸真吾
647,大武真織
648,岩沙好幸
649,宅見誠
650,松本賢人
651,星野龍一
652,中尾信之
653,楊井人文
654,児玉晃一
655,永井萌香
656,原悠太
657,舛田正
658,武富俊
659,伊藤美香
660,石田達郎
661,一藤剛志
662,長塚希
663,桑原真理
664,串山泰生
665,高木良平
666,内田洋平
667,吉岡一誠
668,藤田宏
669,森居秀彰
670,面川典子
671,武山茂樹
672,濱川俊
673,佐藤良
674,西田美樹
675,小峰将太郎
676,笹瀬健児
677,木川雅博
678,山下汐里
679,新英樹
680,塙創平
681,森清
682,吉川大介
683,服部全宏
684,吉田美希
685,鈴木剛
686,莊美奈子
687,田辺敏晃
688,武長信亮
689,野澤賢太郎
690,中島克巳
691,高野文幸
692,小川貴裕
693,田中義一
694,志水三輪子
695,星野天
696,田島宏樹
697,大棒洋佑
698,山口正徳
699,菊川一将
700,鮫島唯
701,齋藤祐介
702,田邊昭彦
703,中野浩和
704,磯野清華
705,波光巖
706,辻田航
707,八坂玄功
708,松井章義
709,長島弘幸
710,吉原大輔
711,河原崎弘
712,御堂地雅人
713,黒井新
714,平賀睦夫
715,折田裕彦
716,大越徹
717,高橋伸明
718,國峯孝祐
719,谷崎翔
720,畑中鐡丸
721,土井春美
722,加藤美香保
723,角田紗弥香
724,高木篤夫
725,秦和昌
726,材津豊治
727,小池良
728,櫻田真也
729,河口拓也
730,田中康一
731,森山弘茂
732,河野祥多
733,荻原邦夫
734,石田周平
735,渡辺裕美子
736,林頼信
737,篠田匡志
738,酒井健吾
739,弓仲忠昭
740,金子剛
741,羽鳥真生
742,竹谷光成
743,郷遼太郎
744,田島直明
745,田中健太郎
746,奥野剛
747,二見敏夫
748,葛巻瑞貴
749,吉田伸広
750,水嶋一途
751,安孫子理良
752,靱純也
753,田中賢規
754,太期宗平
755,三和圭二郎
756,竹内奈津子
757,降旗順一郎
758,佐藤文昭
759,平松英樹
760,菊池麻由子
761,三浦志帆
762,中西博亮
763,久保麻衣子
764,大川原栄
765,小池孝範
766,石井宏之
767,永田毅浩
768,鳴海裕子
769,中村喜代治
770,大空裕康
771,福島政幸
772,八木優大
773,本間博子
774,稲生裕介
775,原島有史
776,吉川栄輔
777,丹野卓真
778,坂本一真
779,松本佳朗
780,城崎建太郎
781,藤澤知之
782,五十嵐佳弥子
783,正野嘉人
784,数井英一郎
785,志賀貴
786,南山佳仁
787,中尾俊介
788,落合亮太
789,笠井利哉
790,吉田清司
791,菅野澄人
792,宇佐見渉
793,牧野孝二郎
794,中山司朗
795,岡崎淳
796,大門誉幸
797,尾上功治
798,辻千晶
799,平沼健太
800,木崎雅敏
801,長谷川研吾
802,置塩正剛
803,石川雅巳
804,大澤一隆
805,北谷祐輔
806,戸松良太
807,木村道哉
808,大山馨子
809,越野周治
810,塚松卓也
811,青木正明
812,石原孝弘
813,大山京
814,浅野健太郎
815,藤田昭平
816,角地山宗行
817,鴨田視寿子
818,林誠吾
819,三本木桃
820,山下紫
821,蟹江鬼太郎
822,櫻井和子
823,向井理絵
824,矢田悠起子
825,秋山亘
826,小林元
827,野間口寛
828,藤居貞子
829,安池巧
830,岩元雄哉
831,佐々木清得
832,古林弘行
833,梅宮毅雄
834,村山森彦
835,玉里友香
836,渡辺祥穂
837,山崎天
838,八木田大将
839,田島寛明
840,梅澤康二
841,矢作麻子
842,小林聡之
843,上原誠
844,采野克彦
845,稲坂将成
846,高石育子
847,深町周輔
848,小堀信賢
849,浦本与史学
850,森島崇行
851,島村洋介
852,小堀球美子
853,藤田和馬
854,米津航
855,北村英士
856,木村貴司
857,佐藤充裕
858,豊田憲生
859,白鳥玲子
860,杉田浩之
861,久米修司
862,仲嶋克彦
863,石丸幸人
864,高柳眞彦
865,鮫島玲央
866,山縣敦彦
867,野村雅弘
868,古沢隆之
869,大島一晃
870,中西紀子
871,山下麻子
872,正木信也
873,坂井雄介
874,眞鍋淳也
875,山根真
876,小倉京子
877,藤林裕一郎
878,日原聡一郎
879,岸敦子
880,古手川隆訓
881,甘利禎康
882,川島浩
883,桜井康統
884,水野泰孝
885,宮島明紀
886,巽周平
887,大西亜希子
888,田川貴浩
889,米川哲生
890,長島功
891,高橋達朗
892,片岡健
893,浅香寛
894,河本憲寿
895,小松紘士
896,石本伸晃
897,時光祥大
898,菅谷良平
899,吉川樹士
900,宮崎拓哉
901,吉田嘉威
902,榊枝真一
903,佐藤明日香
904,加藤聡
905,須長駿太郎
906,渡辺亨
907,藤野利行
908,河井浩志
909,武井久徳
910,松本常広
911,大治右
912,秦真太郎
913,中山忠男
914,斎藤勝
915,北村菜摘
916,花房賢
917,松田研一
918,堀鉄平
919,窪田耕一
920,早野述久
921,池田尚弘
922,湯川将
923,篠田恵里香
924,庭田修平
925,廣田逸平
926,中川俊
927,奥山渡志也
928,木村佐知子
929,成田哲也
930,堀野大樹
931,土屋信
932,藤野圭介
933,魚谷隆英
934,植田恭介
935,永野達也
936,田中健太郎
937,岡崎槙子
938,松下賢
939,鎌田綾子
940,萩原達也
941,吉田修
942,梶田慎介
943,森将夫
944,山口宏
945,山下基之
946,越路正巳
947,豊田浩己
948,高橋哲哉
949,堀井亜生
950,林奈緒子
951,赤島篤
952,片岡勇
953,天井政彦
954,横山晃崇
955,林浩靖
956,横井翔太
957,久保有希子
958,岡林俊夫
959,森仁人
960,関戸康之
961,貴志秀之
962,佐藤大和
963,宗万秀和
964,大伍将史
965,山崎司平
966,近藤暁
967,津城耕右
968,竹村鮎子
969,沼里祐太
970,保坂康介
971,新井裕幸
972,小林香織
973,佐藤篤志
974,池田辰也
975,小栗悠夫
976,樋口智紀
977,金田万作
978,笠原豊土
979,石上晴康
980,元橋一郎
981,石川正樹
982,齊藤洋
983,半田基
984,寺口飛鳥
985,阿部清彦
986,藥師神豪祐
987,松浦正明
988,本間由也
989,青山玄
990,西村寿男
991,松木弓子
992,渡辺徹志
993,小松美喜男
994,石井逸郎
995,芝口祥史
996,中嶋正博
997,塚田耕太郎
998,山下大輔
999,種田和敏
1000,山中優嘉
1001,丸田憲和
1002,山浦誠治
1003,井浦謙二
1004,中村得郎
1005,保志周作
1006,友成珠希
1007,松井伸介
1008,藤田豊大
1009,中尾宙史
1010,大西達夫
1011,押久保公人
1012,板井貴志
1013,早崎智久
1014,田村祥一
1015,上本忠雄
1016,大汐義光
1017,竹内雄一
1018,松丸渉
1019,佐藤大志
1020,奥野伸二郎
1021,横山太郎
1022,高木寛史
1023,寒竹里江
1024,菊野聖貴
1025,鈴木徳太郎
1026,錦野匡一
1027,樋谷賢一
1028,小林久貴
1029,五島康明
1030,坂田洋一
1031,渡邊由紀
1032,柏谷周希
1033,阿南賢人
1034,有賀大輔
1035,山崎純一郎
1036,大森創
1037,土方裕介
1038,石井将志
1039,田中太陽
1040,内藤丈嗣
1041,小林禎周
1042,塩瀬篤範
1043,佐藤隆志
1044,橘大地
1045,川見未華
1046,東山尋明
1047,工藤竜太郎
1048,東郷弘純
1049,金子和弘
1050,小林祥二
1051,柿沼真利
1052,金澤圭甫
1053,井上裕明
1054,桑田英隆
1055,小嶋健史
1056,八田信彦
1057,大畑雅義
1058,鰺坂和浩
1059,石黒一利
1060,粂井範之
1061,合田信一
1062,鈴木成公
1063,丸山和広
1064,竹村嘉洋
1065,石川翔太
1066,水野智之
1067,秦竜也
1068,田邉幸太郎
1069,高須賀康秀
1070,長戸貴志
1071,茶谷豪
1072,小田昌慶
1073,野村吉太郎
1074,田畑俊治
1075,池田泰介
1076,大久保博史
1077,服部弘嗣
1078,今井智一
1079,高村定憲
1080,舩尾遼
1081,櫻井宏平
1082,松田達志
1083,松澤功
1084,山本英司
1085,粕谷陽介
1086,石部享士
1087,大塚翔吾
1088,福田俊彦
1089,高本紗斗美
1090,細矢眞史
1091,山内一浩
1092,白野浩憲
1093,丸山輝
1094,中西洋平
1095,田村有加吏
1096,北岡郁
1097,町田伸明
1098,北原尚
1099,前川香
1100,金子淳
1101,堀越渉
1102,小川敦也
1103,中村洋平
1104,葭原敬
1105,芝田麻里
1106,海老原覚
1107,岩森恒平
1108,村井朗子
1109,渡瀬耕
1110,増田洋平
1111,寺田敏子
1112,曽根翼
1113,板倉武志
1114,本多一成
1115,大西順
1116,中島龍生
1117,花田雄一郎
1118,奧谷義満
1119,芝田稔秋
1120,権田典之
1121,林和男
1122,高橋ひろみ
1123,德永博久
1124,小石川哲
1125,豊田賢治
1126,藤田充宏
1127,奈良恒則
1128,樫尾わかな
1129,髙野太一朗
1130,森本奈津子
1131,出口貴大
1132,政岡史郎
1133,淺井健人
1134,板倉由実
1135,上村剛
1136,米澤弘文
1137,島伸一
1138,高橋康範
